Glottocode	Pop
ghot1243	<10K
aran1261	<10K
arif1239	<10K
anka1246	<10K
afar1241	2000000
arva1236	10K-100K
abau1245	<10K
amar1273	10K-100K
abee1242	300000
west2630	<10K
abid1235	10K-100K
abkh1244	100000
lamp1242	2000000
abua1244	10K-100K
aben1249	<10K
abaz1241	10K-100K
abro1238	1000000
ambo1250	2000000
ambu1247	10K-100K
baha1259	300000
inab1237	10K-100K
anem1248	<10K
abui1241	10K-100K
acha1250	<10K
giky1238	10K-100K
achi1257	4000000
sain1246	200000
acol1236	1000000
meso1252	19000000
acha1249	10K-100K
taiz1242	7000000
achi1256	10K-100K
acht1238	10K-100K
achu1248	<10K
hija1235	11000000
oman1239	2000000
adan1247	800000
adel1244	10K-100K
adho1243	400000
bori1243	200000
adio1239	10K-100K
adyg1241	600000
adze1240	10K-100K
tuni1259	11000000
said1239	19000000
east2379	<10K
akeu1235	10K-100K
amel1241	<10K
gulf1241	11000000
afri1274	7000000
awut1241	200000
agat1236	10K-100K
agar1252	10K-100K
ango1254	<10K
anga1290	<10K
agut1237	10K-100K
tain1253	<10K
aghe1239	10K-100K
agua1253	10K-100K
cent2084	<10K
agua1252	<10K
kahu1241	<10K
aghu1253	10K-100K
ahan1243	100000
axam1237	<10K
akha1245	600000
igoo1238	<10K
aros1241	<10K
anti1245	200000
assy1241	800000
aimo1244	<10K
ainu1240	<10K
aima1241	600000
aari1239	200000
ajab1235	600000
ajie1238	<10K
amri1238	100000
akan1250	13000000
bata1290	800000
akaw1239	10K-100K
anga1292	10K-100K
akla1241	500000
siwu1238	10K-100K
arak1252	<10K
akhv1239	10K-100K
alab1237	<10K
alag1242	400000
aleu1260	<10K
amai1246	<10K
alan1249	<10K
alun1238	10K-100K
algo1255	<10K
alut1245	<10K
sout2694	10K-100K
area1240	10K-100K
alab1254	300000
alya1239	<10K
alur1250	2000000
amah1246	<10K
yane1238	10K-100K
hame1242	10K-100K
amha1245	32000000
amis1246	100000
amba1265	10K-100K
amap1240	<10K
aman1265	<10K
amoo1242	10K-100K
alam1246	<10K
amar1274	<10K
guer1243	10K-100K
west2763	10K-100K
anma1239	<10K
ngas1240	400000
xara1244	<10K
goem1240	100000
obol1243	300000
angi1238	700000
andh1242	10K-100K
anua1242	100000
deny1238	10K-100K
anaa1238	2000000
anyi1245	1000000
pemo1248	<10K
anin1240	<10K
mufi1238	10K-100K
omie1241	<10K
bumb1241	<10K
uabm1237	800000
saaa1240	10K-100K
nort3139	15000000
suda1236	33000000
buki1249	10K-100K
mesc1238	<10K
apin1244	<10K
arop1243	<10K
arop1242	<10K
apur1254	<10K
west2615	10K-100K
apal1257	<10K
safe1240	<10K
n/a	360000000
west2441	<10K
arag1245	10K-100K
arhu1242	<10K
arik1262	<10K
arab1268	<10K
mapu1245	300000
arao1248	<10K
arap1274	<10K
alge1239	35000000
asut1235	500000
assi1247	<10K
cish1238	200000
assa1263	15000000
dano1240	10K-100K
astu1245	600000
pele1245	<10K
zaiw1241	100000
atam1240	10K-100K
ivbi1241	10K-100K
atti1239	600000
atik1240	<10K
aral1243	10K-100K
pamp1244	<10K
nort2686	10K-100K
anei1239	<10K
waor1240	<10K
aush1241	10K-100K
anuk1239	<10K
aust1304	<10K
awiy1238	10K-100K
avar1256	800000
avat1244	10K-100K
auuu1241	<10K
avok1242	10K-100K
awad1243	4000000
awap1236	<10K
cici1237	10K-100K
aeky1238	<10K
awng1244	500000
awak1250	<10K
awar1248	<10K
ayiz1245	400000
liby1240	5000000
nucl1667	3000000
ayor1240	<10K
nort3142	10000000
east2695	<10K
n/a	24000000
sanp1260	10K-100K
awin1248	10K-100K
high1278	200000
baha1260	400000
bash1264	1000000
n/a	8000000
bamb1269	14000000
bali1278	3000000
waim1255	<10K
bant1281	200000
bava1246	14000000
basa1284	300000
veng1238	10K-100K
bamu1253	400000
baat1238	1000000
nucl1630	<10K
bata1289	2000000
bauu1244	<10K
ghom1247	400000
nort2819	200000
west2458	<10K
gira1247	<10K
cent2004	1000000
bamu1257	<10K
bari1286	<10K
baou1238	4000000
bard1255	<10K
cent2087	2000000
bann1247	<10K
bali1245	10K-100K
kalu1248	<10K
benc1235	300000
babi1235	<10K
awad1244	<10K
bana1305	10K-100K
baca1246	300000
bayo1255	10K-100K
buna1276	<10K
bade1248	200000
baka1274	10K-100K
indo1317	200000
bahn1262	200000
boko1261	100000
orok1266	100000
beav1236	<10K
bena1264	10K-100K
bial1238	10K-100K
beja1238	1000000
bela1254	5000000
bemb1257	4000000
beng1280	240000000
beam1240	<10K
beso1237	10K-100K
beem1239	100000
guib1246	400000
blag1240	10K-100K
dalo1238	100000
beta1252	5000000
jurm1239	10K-100K
bena1262	700000
bari1284	700000
paur1238	600000
bafu1246	10K-100K
buna1278	10K-100K
malb1235	100000
bada1257	100000
sout2730	400000
balt1258	300000
bagh1251	8000000
maha1287	1000000
hary1238	13000000
rath1242	10K-100K
bang1356	10K-100K
west2368	2000000
east2304	2000000
bagr1243	2000000
bawm1236	10K-100K
taga1272	10K-100K
bugh1239	<10K
bhat1265	300000
balk1254	300000
bang1368	100000
bhar1241	200000
bhil1251	3000000
bina1277	<10K
bukh1238	100000
bhil1253	1000000
bimi1240	<10K
bhoj1244	51000000
bima1247	500000
tuka1249	100000
buwa1243	10K-100K
bhat1263	100000
biak1248	10K-100K
bhel1238	10K-100K
biss1248	600000
bian1252	10K-100K
n/a	2000000
bimo1239	400000
bini1246	2000000
naii1241	<10K
bisl1239	200000
sout2790	200000
budz1238	200000
bahi1254	<10K
burj1242	10K-100K
kana1281	10000000
banj1239	7000000
mids1243	10K-100K
make1251	<10K
binu1245	<10K
baja1265	300000
bala1302	10K-100K
bedj1245	10K-100K
bakw1243	10K-100K
baru1269	<10K
baka1272	10K-100K
binu1244	10K-100K
bako1249	10K-100K
baki1244	<10K
beri1254	<10K
komc1235	200000
baka1277	<10K
baku1263	10K-100K
buhi1245	<10K
bekw1241	10K-100K
baik1238	800000
boky1238	100000
siks1238	<10K
bell1243	<10K
bala1301	500000
kuwa1247	10K-100K
boli1255	10K-100K
paok1235	1000000
sout2912	100000
blan1242	10K-100K
taid1247	800000
bala1310	10K-100K
bala1315	10K-100K
bemb1255	200000
kein1239	<10K
ghay1237	<10K
nort2890	1000000
bamb1265	10K-100K
bomu1247	300000
muin1242	<10K
buru1306	<10K
bumm1238	10K-100K
bont1247	10K-100K
beng1282	<10K
bang1354	100000
east2482	10K-100K
bata1285	10K-100K
bunu1267	10K-100K
bant1288	10K-100K
bola1250	10K-100K
bund1253	3000000
bang1350	200000
bora1263	<10K
tibe1272	1000000
anja1238	<10K
nucl1695	10K-100K
bero1242	1000000
bine1240	<10K
bosn1245	9000000
tuwu1238	10K-100K
buam1238	200000
tiey1235	200000
daka1243	<10K
band1343	100000
binj1249	200000
koro1310	200000
sara1326	200000
bish1244	100000
boko1266	200000
bakh1245	1000000
band1340	10K-100K
busa1253	10K-100K
bamu1254	10K-100K
begb1241	100000
baka1273	10K-100K
braj1242	2000000
bret1244	200000
bera1259	100000
brah1256	3000000
east2332	10K-100K
bodo1269	1000000
brun1245	10K-100K
bass1258	10K-100K
bang1348	<10K
buru1296	100000
bara1380	<10K
baga1272	10K-100K
nucl1418	400000
akoo1248	200000
bask1236	10K-100K
bata1314	300000
bata1294	1000000
gagn1235	200000
biat1246	10K-100K
bata1291	1000000
irig1242	200000
bata1288	1000000
bete1262	10K-100K
bate1261	10K-100K
bata1293	500000
bata1292	200000
buri1258	400000
bush1250	10K-100K
ntch1242	300000
bush1247	200000
bugi1244	5000000
buga1250	10K-100K
bulg1262	7000000
bulu1251	900000
sher1258	100000
tere1278	10K-100K
boko1267	10K-100K
budu1250	200000
bube1242	10K-100K
bael1237	<10K
baeg1237	<10K
bura1267	<10K
bauz1241	<10K
bwai1242	<10K
sout2840	200000
bura1292	500000
buli1254	200000
bwaa1238	200000
buna1273	400000
baur1252	<10K
bang1353	4000000
buhu1237	<10K
bayu1240	<10K
buku1249	1000000
burd1238	<10K
pouy1238	<10K
bili1260	100000
baru1267	<10K
bura1271	<10K
medu1238	200000
qaqe1238	<10K
band1352	10K-100K
sout2920	2000000
brib1243	10K-100K
jena1242	200000
boik1241	10K-100K
mapo1242	10K-100K
bisu1244	<10K
beli1260	200000
basa1282	10K-100K
chor1273	10K-100K
gari1256	200000
chuj1250	10K-100K
cadd1256	<10K
sout2958	<10K
niva1238	10K-100K
kaqc1270	400000
cham1313	<10K
chac1251	<10K
chip1262	<10K
carn1240	10K-100K
gali1262	<10K
mose1249	<10K
stan1289	4000000
cavi1250	<10K
chiq1248	<10K
cayu1261	<10K
cara1272	<10K
chac1249	<10K
edec1238	<10K
chav1241	700000
bual1235	10K-100K
cash1251	<10K
cash1254	<10K
chay1248	<10K
cand1248	<10K
cacu1241	<10K
cham1318	<10K
chop1243	800000
samb1311	100000
atsa1241	10K-100K
coma1246	10K-100K
chak1266	300000
chir1283	<10K
cham1307	100000
chod1238	200000
chur1258	100000
mind1253	10000000
cebu1242	22000000
cham1315	<10K
czec1258	10000000
diji1241	10K-100K
fala1243	100000
kaga1256	10K-100K
chig1238	2000000
cham1312	10K-100K
high1242	<10K
chec1245	1000000
taba1266	10K-100K
ojit1237	10K-100K
chuu1238	10K-100K
chin1272	<10K
choc1276	10K-100K
chip1261	10K-100K
quio1240	10K-100K
cher1273	10K-100K
chur1257	<10K
chuv1255	1000000
chuw1238	1000000
chey1247	<10K
ozum1235	<10K
chic1270	<10K
cimb1238	<10K
west2650	300000
chok1245	1000000
east2563	10K-100K
ashe1273	<10K
cabe1245	<10K
shor1247	<10K
chua1250	10K-100K
jiny1235	63000000
cent1972	7000000
ciba1236	200000
anuf1239	200000
chuk1273	<10K
kava1241	<10K
cakf1236	<10K
ronn1241	200000
chil1280	<10K
leal1235	<10K
calu1238	10K-100K
chul1246	<10K
east2558	10K-100K
cerm1238	10K-100K
embe1262	<10K
mand1415	920000000
cent1992	10K-100K
mroc1235	10K-100K
haka1240	100000
asha1243	10K-100K
khum1248	10K-100K
lala1270	10K-100K
tepe1279	<10K
chen1266	80000
ngaw1239	10K-100K
kore1283	<10K
colo1256	<10K
chon1287	300000
sant1424	10K-100K
coma1245	<10K
cofa1242	<10K
como1259	<10K
corn1251	<10K
cors1241	10K-100K
caqu1242	<10K
nant1250	<10K
pala1351	10K-100K
ucay1237	<10K
ajyi1238	<10K
cher1271	100000
capi1239	700000
pich1237	10K-100K
puxi1243	3000000
cree1272	200000
mich1243	<10K
crim1257	500000
saot1239	10K-100K
sout2978	10K-100K
plai1258	10K-100K
nort1552	10K-100K
moos1236	<10K
elna1235	10K-100K
crow1244	<10K
iyow1239	<10K
sese1246	10K-100K
iyoj1235	<10K
carr1249	<10K
chil1282	<10K
kash1274	100000
asho1236	10K-100K
jola1262	10K-100K
cent2140	<10K
soch1239	<10K
swam1239	<10K
siyi1240	10K-100K
tata1258	<10K
tedi1235	300000
chit1275	15000000
embe1260	10K-100K
west2644	10K-100K
nort2883	10K-100K
chol1282	200000
cuaa1241	10K-100K
cube1242	<10K
usil1237	<10K
cuib1242	<10K
sanb1242	10K-100K
culi1244	<10K
teut1235	<10K
tepe1280	10K-100K
wood1236	10K-100K
kwer1261	10K-100K
kuwa1246	<10K
nopa1235	10K-100K
wels1247	700000
cuyo1237	100000
huiz1242	5000000
minz1235	700000
zotu1235	10K-100K
dang1274	10K-100K
mari1428	<10K
dagb1246	12000000
gwah1244	<10K
dako1258	<10K
dani1285	5000000
dand1238	400000
darg1241	500000
tait1250	400000
dava1245	100000
dadi1249	10K-100K
nucl1683	10K-100K
decc1239	13000000
fata1247	10K-100K
dend1243	300000
dedu1240	<10K
comm1246	<10K
slav1253	<10K
desa1247	<10K
stan1295	95000000
deng1250	<10K
sout2789	1000000
casi1235	<10K
dghw1239	10K-100K
nort2780	400000
dong1288	10K-100K
dogr1252	<10K
daga1275	<10K
dhun1238	10000000
zemb1238	10K-100K
dhan1264	100000
dhod1238	400000
dehu1237	10K-100K
diaa1238	<10K
lako1244	10K-100K
dier1241	<10K
digo1243	500000
dink1262	1000000
dibo1247	10K-100K
dima1251	100000
diri1252	10K-100K
dhiv1236	300000
ding1239	200000
zarm1239	4000000
djin1253	<10K
djee1236	<10K
ndyu1242	10K-100K
jams1239	100000
djam1256	<10K
dakp1242	10K-100K
dolg1241	<10K
darl1242	<10K
nden1249	10K-100K
dung1253	100000
nucl1770	2000000
danu1251	10K-100K
west2594	200000
dobu1241	100000
nort2735	2000000
indo1311	2000000
lukp1238	10K-100K
doya1240	10K-100K
mind1263	<10K
rung1259	10K-100K
clel1238	10K-100K
gede1246	1000000
dren1238	200000
ruka1240	10K-100K
lowe1385	<10K
daas1238	10K-100K
tada1238	10K-100K
labu1249	10K-100K
tene1248	100000
tomo1243	100000
cent2100	100000
toro1252	10K-100K
doty1234	800000
dual1243	10K-100K
dubl1239	200000
duna1248	10K-100K
umir1236	<10K
duru1249	400000
dung1251	10K-100K
dusu1271	10K-100K
dupa1235	<10K
diii1241	10K-100K
duun1242	10K-100K
duau1237	<10K
dawr1236	500000
dawa1242	<10K
n/a	<10K
djim1235	10K-100K
jola1263	400000
dyul1238	16000000
daza1242	400000
dzon1239	200000
n/a	10K-100K
embu1241	300000
efik1245	2000000
emil1241	3000000
eggo1239	100000
eipo1242	<10K
ejam1238	10K-100K
ekaj1238	10K-100K
ekit1246	400000
ekar1243	10K-100K
esto1258	1000000
elip1238	10K-100K
koti1238	10K-100K
east2342	10K-100K
mode1248	13000000
emai1241	10K-100K
muss1246	<10K
nort2972	10K-100K
east2340	200000
mark1255	200000
ende1246	100000
fore1265	<10K
stan1293	373000000
enge1239	10K-100K
enga1252	200000
sout2989	<10K
espe1235	2000000
erav1242	<10K
siee1239	<10K
ogea1238	<10K
sout2856	<10K
esee1248	<10K
n/a	200000
nort2943	<10K
nort2945	<10K
cent2128	<10K
cent2127	10K-100K
eton1253	200000
edol1239	<10K
yekh1238	300000
ejag1239	100000
eten1239	10K-100K
basq1248	700000
even1260	<10K
even1259	10K-100K
ewee1241	4000000
ewon1239	600000
extr1243	200000
keiy1238	300000
ezaa1238	600000
fasu1242	<10K
fada1250	<10K
wagi1249	<10K
fino1238	<10K
faiw1243	<10K
sout2782	10K-100K
fang1246	1000000
faro1244	10K-100K
fata1245	<10K
n/a	81000000
fala1241	10K-100K
sout2645	10K-100K
nobi1240	600000
fiji1243	300000
fili1244	28000000
finn1318	5000000
fipa1238	200000
torn1244	10K-100K
kven1236	<10K
kali1308	<10K
fuli1240	400000
fefe1239	100000
farw1235	400000
food1238	10K-100K
fonn1241	2000000
fore1270	10K-100K
fern1234	10K-100K
fass1245	<10K
stan1290	80000000
caju1236	10K-100K
fran1260	100000
nort2626	10K-100K
nort2628	200000
west2354	500000
east2447	<10K
fula1264	25000000
friu1240	600000
fuyu1242	10K-100K
furr1244	900000
gaaa1244	700000
gend1249	<10K
gaga1249	600000
alek1238	10K-100K
bore1247	<10K
gads1258	10K-100K
kand1303	<10K
ganc1239	22000000
adiw1235	10K-100K
nobo1238	<10K
gayo1244	300000
gaik1242	<10K
gale1259	10K-100K
gadd1242	100000
gami1242	400000
garh1243	3000000
nort2810	400000
gbay1287	200000
gbag1258	700000
gbar1246	400000
zoro1242	10K-100K
guad1242	1000000
guia1246	200000
gude1246	10K-100K
gada1258	<10K
uman1240	<10K
mehr1241	100000
wipi1242	<10K
godw1241	3000000
kire1240	<10K
gbol1235	400000
genn1243	300000
kagf1238	10K-100K
gera1246	200000
patp1243	<10K
ghom1257	10000
guhu1244	10K-100K
kitj1240	<10K
gilb1244	100000
gimi1243	10K-100K
gitx1241	<10K
sout3051	10K-100K
kach1272	600000
gonj1241	300000
guja1253	1000000
goka1239	10K-100K
guin1254	500000
scot1245	10K-100K
nana1257	<10K
iris1253	200000
gali1258	2000000
gila1241	2000000
manx1243	<10K
gbay1281	<10K
gamo1243	2000000
mgbo1238	200000
gang1266	10K-100K
zulg1242	10K-100K
ngan1299	10K-100K
guma1253	<10K
nort2702	3000000
west2640	<10K
guro1248	500000
godi1239	10K-100K
gofa1235	400000
gogo1263	1000000
goba1246	<10K
gola1255	100000
goan1235	2000000
nort3258	3000000
goro1259	1000000
gron1242	600000
ghan1244	5000000
gorr1238	10K-100K
rajp1235	10K-100K
greb1256	400000
ghar1239	10K-100K
n/a	5000000
garo1247	1000000
kist1241	300000
gwed1239	<10K
sout2785	200000
swis1247	5000000
wayu1243	300000
yoco1235	100000
guri1247	<10K
guah1255	10K-100K
east2555	10K-100K
guja1252	57000000
gumu1244	200000
gull1241	<10K
guam1248	10K-100K
mbya1239	10K-100K
guay1257	<10K
gunw1252	<10K
ache1246	<10K
fare1241	700000
yano1261	10K-100K
gunn1250	1000000
gour1243	900000
gusi1247	2000000
guan1269	<10K
goli1247	10K-100K
gula1268	200000
kuku1273	<10K
guru1261	300000
guma1254	<10K
kala1373	10K-100K
gwic1235	<10K
gwer1238	400000
gawa1247	<10K
weso1238	300000
nort2775	300000
gyel1242	10K-100K
ngab1239	200000
creo1235	600000
guar1292	<10K
hann1241	<10K
gura1251	400000
east2652	9000000
hang1258	<10K
haid1248	<10K
hakk1236	48000000
hewa1241	<10K
hang1260	200000
haaa1252	1000000
hara1271	10K-100K
hais1244	<10K
hait1244	12000000
haus1257	51000000
havu1238	500000
hawa1245	10K-100K
sout2956	<10K
haya1250	1000000
haza1239	3000000
huba1236	300000
huic1243	10K-100K
nort2938	<10K
hadi1240	1000000
nort2747	2000000
hebr1245	4000000
helo1243	10K-100K
hehe1240	800000
hemb1242	200000
here1253	200000
hoya1235	<10K
lama1288	10K-100K
fiji1242	500000
kamw1239	700000
pamo1253	<10K
hili1240	7000000
hind1269	320000000
hixk1239	<10K
hund1239	200000
hali1244	10K-100K
halb1244	600000
ngal1291	10K-100K
larg1235	300000
n/a	3000000
hiri1237	100000
east2370	400000
hmar1241	10K-100K
sout2754	500000
hamt1247	10K-100K
hmon1331	200000
mina1276	10K-100K
sout2668	600000
chha1249	18000000
hani1248	800000
hanu1241	10K-100K
nort2662	4000000
cari1275	200000
hooo1248	1000000
hado1235	5000000
hopi1249	<10K
hote1245	<10K
honi1244	100000
hran1239	10K-100K
croa1245	4000000
riog1239	3000000
uppe1395	<10K
xian1251	38000000
mini1256	<10K
huam1247	<10K
huac1244	<10K
huli1244	200000
hula1239	10K-100K
hung1274	17000000
hupa1239	<10K
halk1245	<10K
huas1242	100000
muru1274	<10K
sanm1287	10K-100K
nupo1240	<10K
sabu1255	100000
hawa1247	600000
nucl1235	6000000
iaai1238	<10K
iatm1242	<10K
pura1257	<10K
iban1264	2000000
ibib1240	2000000
iwai1244	<10K
iban1267	500000
ibal1244	100000
nucl1417	60000000
iban1261	300000
edei1246	800000
etky1238	10K-100K
sana1297	10K-100K
idak1243	600000
edei1244	10K-100K
idii1243	<10K
idoo1234	<10K
idom1241	900000
amga1235	10K-100K
bata1298	10K-100K
ifee1241	100000
tuwa1243	10K-100K
mayo1262	10K-100K
kele1259	10K-100K
ebir1243	2000000
iged1239	400000
igal1242	1000000
igna1246	10K-100K
sich1238	2000000
izon1238	2000000
edei1245	800000
kala1381	600000
east2534	10K-100K
ikaa1238	10K-100K
west2618	<10K
n/a	10K-100K
ikwe1242	200000
ikkk1242	<10K
ilaa1246	100000
ilit1241	<10K
n/a	100000
ilok1237	9000000
n/a	100000
imbo1238	10K-100K
inte1239	<10K
indo1316	43000000
ingu1240	300000
inok1238	10K-100K
inor1238	300000
tuma1250	<10K
ipil1240	10K-100K
inup1234	<10K
ikwo1238	300000
irig1241	10K-100K
iraq1241	600000
irul1243	200000
iray1237	10K-100K
isna1241	10K-100K
esan1238	300000
icel1247	300000
isok1239	400000
istr1244	<10K
ital1282	65000000
jude1255	<10K
itel1242	<10K
isek1239	900000
itaw1240	100000
iumi1238	800000
ibat1238	10K-100K
ivat1242	10K-100K
iwam1256	<10K
sepi1255	<10K
ixil1251	100000
ingr1248	<10K
izer1241	10K-100K
izii1239	500000
jama1261	<10K
hyam1245	300000
popt1235	<10K
yabe1254	<10K
jama1262	3000000
yany1243	<10K
java1254	82000000
jamb1236	1000000
nafu1238	100000
juku1254	<10K
krym1236	<10K
jude1256	10K-100K
dzaa1238	10K-100K
n/a	200000
ngom1272	10K-100K
jibu1239	10K-100K
toll1241	<10K
buuu1244	<10K
jita1239	200000
shua1257	10K-100K
jeju1234	<10K
mach1266	400000
juml1238	10K-100K
west2643	10K-100K
jaun1243	10K-100K
woje1238	100000
nucl1643	128000000
jaqa1244	<10K
jara1266	300000
wapa1235	10K-100K
juan1238	10K-100K
juti1236	2000000
cari1276	10K-100K
kara1467	600000
kaby1243	6000000
kach1280	900000
kada1284	300000
kare1348	200000
jjuu1238	300000
ahin1234	10K-100K
kala1399	10K-100K
kamb1297	4000000
nucl1305	43000000
xaas1235	2000000
capa1241	10K-100K
kash1277	7000000
nucl1302	4000000
n/a	8000000
kaza1248	13000000
kadi1248	<10K
kaba1278	2000000
cams1241	<10K
kane1243	800000
iwal1237	<10K
kabi1261	1000000
kama1370	10K-100K
kafa1242	800000
apma1241	10K-100K
khan1273	<10K
lubi1238	10K-100K
tyap1238	100000
kala1384	1000000
kela1255	<10K
kaia1245	<10K
kutu1263	10K-100K
mako1251	1000000
seba1247	200000
temm1241	300000
kuma1275	200000
kara1483	700000
nume1242	<10K
tsik1238	10K-100K
kund1255	100000
kara1464	<10K
kuyy1240	300000
kabu1256	900000
kere1283	10K-100K
keii1239	10K-100K
kekc1242	1000000
kela1254	200000
kema1243	10K-100K
keny1279	10K-100K
kakw1240	100000
kera1255	10K-100K
kett1243	<10K
kani1275	10K-100K
west2599	10K-100K
kukn1238	500000
kuke1242	200000
koda1255	200000
nort2699	100000
koya1251	400000
koro1306	10K-100K
kork1243	600000
kach1277	900000
bila1253	300000
kanj1259	10K-100K
kull1236	100000
kuma1273	2000000
koro1298	200000
kome1238	500000
kube1244	<10K
kaiw1246	10K-100K
kain1272	10K-100K
abun1252	<10K
khas1269	1000000
luuu1242	600000
tuka1248	100000
cent1989	16000000
khan1272	2000000
koyr1240	200000
khar1287	200000
kasu1251	<10K
kham1290	10K-100K
nkhu1238	200000
khow1242	200000
kele1255	200000
keap1239	10K-100K
kimm1246	10K-100K
koal1240	10K-100K
kili1267	10K-100K
kiku1240	7000000
kiny1244	15000000
shes1236	10K-100K
kirg1245	8000000
nort2930	10K-100K
khia1236	10K-100K
kisi1243	10K-100K
qanj1241	10K-100K
coas1295	100000
sout2949	10K-100K
kisa1266	10K-100K
khmu1256	700000
khak1248	10K-100K
khin1240	<10K
high1275	200000
pwoe1235	1000000
east2516	10K-100K
erav1244	10K-100K
odoo1238	<10K
khun1259	200000
kagu1239	200000
kako1242	100000
kosa1249	<10K
kang1289	100000
gugu1255	<10K
kask1239	<10K
kili1268	<10K
gami1243	<10K
kale1246	9000000
rumu1243	<10K
kala1372	<10K
nukn1238	<10K
klao1243	200000
mask1242	<10K
kolu1245	<10K
konn1242	<10K
kimb1241	4000000
sout2741	2000000
kate1253	10K-100K
kala1397	10K-100K
limo1248	10K-100K
komi1270	10K-100K
kwom1262	<10K
kama1367	<10K
kani1286	<10K
komo1260	400000
khor1269	400000
kank1243	200000
mank1251	10K-100K
west2635	10K-100K
kura1250	300000
kono1268	300000
kwan1276	10K-100K
tabo1241	<10K
kend1254	300000
kany1247	200000
cogu1240	<10K
komi1269	10K-100K
konk1270	4000000
kolp1236	<10K
n/a	6000000
konz1239	600000
kore1280	80000000
kosr1238	<10K
kora1296	<10K
curr1243	10K-100K
n/a	1000000
komb1273	10K-100K
kapi1249	<10K
kara1500	<10K
koho1244	200000
ikpo1238	200000
kora1294	<10K
kobo1249	10K-100K
moun1252	<10K
kory1246	<10K
kups1238	300000
kova1243	<10K
doro1266	<10K
kala1388	10K-100K
kaka1267	<10K
kota1272	400000
kaon1241	200000
kimr1241	10K-100K
nort2765	300000
kand1301	<10K
koor1239	200000
kara1465	300000
krio1253	4000000
kina1250	600000
kare1335	10K-100K
kuru1302	2000000
sham1280	600000
sout2908	10K-100K
kuan1248	10K-100K
bafi1243	10K-100K
kols1241	200000
uare1241	<10K
kaba1281	10K-100K
boro1279	<10K
sout2778	500000
sgaw1245	3000000
kamb1316	900000
plap1239	10K-100K
kurt1250	<10K
kuot1243	<10K
kadu1253	10K-100K
kitu1246	5000000
juho1239	<10K
kuan1247	600000
kute1248	10K-100K
auhe1237	<10K
kuma1280	100000
kuri1259	700000
kumy1244	400000
kuna1268	200000
kuni1267	10K-100K
kurd1259	25000000
kusa1250	400000
kute1249	<10K
kuni1265	<10K
bord1248	10K-100K
keri1250	300000
park1237	200000
kwai1243	10K-100K
kwar1239	10K-100K
awac1239	10K-100K
kwan1278	10K-100K
kwak1269	<10K
kofy1242	100000
kwan1273	200000
nucl1593	<10K
kair1263	<10K
kons1243	200000
brun1242	300000
nort2684	1000000
wadi1248	600000
kuvi1243	200000
kona1242	<10K
liku1242	10K-100K
kere1286	<10K
kway1241	100000
kyak1244	10K-100K
krac1238	10K-100K
kouy1238	10K-100K
keya1238	10K-100K
karo1304	<10K
kama1363	400000
kelo1247	<10K
keng1240	10K-100K
west2409	200000
rapo1238	<10K
kaya1329	<10K
bond1246	100000
kose1239	<10K
daak1235	400000
kela1258	<10K
koko1267	200000
kaid1239	10K-100K
kara1478	10K-100K
laca1243	<10K
ladi1251	400000
lang1320	400000
lamb1272	10K-100K
lang1324	2000000
lamb1271	200000
laoo1244	20000000
lama1275	300000
lauj1238	10K-100K
labe1239	<10K
lakk1252	200000
lada1244	100000
labu1248	<10K
tola1247	300000
lawa1257	10K-100K
luch1239	400000
tung1290	10K-100K
west2396	10K-100K
idun1241	10K-100K
lega1249	400000
lala1264	400000
lend1245	800000
lyel1241	100000
lele1264	10K-100K
lenj1248	100000
leng1258	10K-100K
noma1260	<10K
lepc1244	10K-100K
lemb1266	<10K
kara1486	<10K
lamm1241	10K-100K
ledo1238	400000
luan1263	10K-100K
lezg1247	600000
lugb1240	2000000
wala1266	<10K
lahu1252	600000
lahu1253	600000
west2450	400000
hlai1239	700000
nyin1250	<10K
limb1266	800000
ligb1244	10K-100K
lihi1237	10K-100K
ligu1248	600000
lill1248	<10K
limb1263	1000000
ling1263	20000000
sekp1241	10K-100K
libe1240	2000000
lisu1250	2000000
lith1251	3000000
livv1244	<10K
coll1240	200000
band1344	200000
lioo1240	100000
lamp1243	1000000
kabr1240	300000
laki1244	1000000
khay1238	100000
kisa1263	100000
lako1247	<10K
lolo1261	200000
ladi1250	10K-100K
lele1270	<10K
lole1239	10K-100K
lele1276	10K-100K
peve1243	10K-100K
lamk1238	10K-100K
lamb1269	6000000
lomb1257	4000000
limb1268	100000
lund1271	10K-100K
sout2787	200000
lamn1239	200000
long1389	10K-100K
lolo1264	10K-100K
lobi1245	400000
salu1253	10K-100K
logo1259	200000
louu1245	<10K
loko1255	100000
mong1338	400000
loma1260	400000
mala1256	2000000
loba1239	10K-100K
teen1242	<10K
loni1238	<10K
otuh1238	100000
loui1240	<10K
lozi1239	700000
lipo1242	200000
lopi1242	10K-100K
nort2645	2000000
mara1393	200000
lari1253	200000
mara1392	200000
lash1243	10K-100K
saam1283	500000
east2282	200000
tsot1241	100000
tach1242	100000
luxe1241	400000
luba1249	6000000
luba1250	2000000
arin1244	300000
ludi1246	<10K
luva1239	600000
gand1255	4000000
luna1244	10K-100K
lund1266	400000
luok1236	4000000
lumb1249	10K-100K
lush1249	800000
lush1252	<10K
n/a	1000000
sout2647	900000
stan1325	2000000
wang1294	300000
east2330	10K-100K
luwo1239	10K-100K
lewo1242	<10K
lazz1240	10K-100K
sanj1286	10K-100K
nucl1460	7000000
mafa1239	200000
maga1260	13000000
mars1254	10K-100K
mait1250	34000000
jala1237	10K-100K
maka1311	5000000
mala1464	38000000
mamm1241	600000
chiq1250	<10K
mara1378	83000000
masa1300	1000000
huau1238	10K-100K
sate1243	<10K
mamp1244	200000
nort2828	700000
cent2144	10K-100K
west2555	10K-100K
macu1259	10K-100K
diba1242	10K-100K
baba1267	<10K
mang1403	<10K
ilia1236	10K-100K
nade1244	<10K
maxa1247	<10K
maca1259	<10K
mboc1235	200000
mala1522	<10K
mais1250	<10K
sara1327	10K-100K
mati1250	10K-100K
mbul1260	10K-100K
mari1435	10K-100K
amol1236	<10K
maca1260	<10K
mach1267	<10K
shar1245	<10K
mats1244	<10K
mese1244	<10K
mbun1249	300000
masa1322	200000
coat1238	10K-100K
maka1304	10K-100K
esee1247	10K-100K
meny1245	10K-100K
came1252	10K-100K
mada1282	10K-100K
maba1277	300000
moks1248	<10K
magu1243	1000000
mang1394	700000
mayo1261	10K-100K
mbal1257	200000
mbol1247	10K-100K
mand1442	500000
mber1257	100000
sant1439	10K-100K
mbos1242	100000
dizi1235	10K-100K
male1284	100000
mara1385	<10K
melp1238	100000
meng1267	<10K
sout3000	<10K
meya1236	10K-100K
meke1243	10K-100K
cent2101	100000
mang1383	<10K
mend1266	3000000
keda1251	3000000
miri1266	<10K
mere1246	10K-100K
meru1245	2000000
mato1252	<10K
motu1246	10K-100K
mann1248	400000
hass1238	3000000
meno1252	<10K
patt1249	1000000
bang1365	300000
mori1278	1000000
mata1306	10K-100K
wand1278	10K-100K
nort3046	10K-100K
cros1244	10K-100K
mbee1249	10K-100K
maka1305	2000000
moba1244	400000
mbwe1238	400000
mand1419	300000
mayo1264	10K-100K
maba1273	10K-100K
moro1284	10K-100K
moru1253	10K-100K
makh1261	7000000
male1289	<10K
mamb1306	100000
meta1238	200000
east2352	800000
mamb1296	500000
mate1258	200000
matu1259	10K-100K
mbun1248	10K-100K
madi1260	300000
mauw1238	<10K
makh1265	200000
mash1267	10K-100K
bali1279	10K-100K
east2328	500000
mbuk1240	10K-100K
maru1249	10K-100K
maan1238	200000
miam1252	<10K
atat1238	10K-100K
mikm1235	<10K
nucl1706	<10K
ocot1243	10K-100K
mofu1248	10K-100K
sanm1295	10K-100K
chay1249	10K-100K
mika1239	<10K
peno1244	10K-100K
alac1244	10K-100K
mina1268	6000000
pino1237	10K-100K
misk1235	200000
isth1238	10K-100K
sout3001	<10K
caca1250	<10K
akoy1238	<10K
mixt1425	<10K
ayut1236	10K-100K
coat1241	<10K
sanj1281	10K-100K
tuuu1240	200000
kimm1245	400000
mand1409	2000000
karb1241	500000
mace1250	1000000
dhat1238	200000
moki1238	<10K
moko1243	10K-100K
kupa1239	200000
moik1239	<10K
sila1250	10K-100K
kony1250	200000
kitu1245	5000000
maka1316	100000
caol1238	200000
mana1298	<10K
n/a	25000000
mape1249	<10K
mala1484	<10K
barg1252	<10K
nucl1440	400000
malt1254	500000
toab1237	10K-100K
motl1237	<10K
mama1275	<10K
mang1404	<10K
west2430	900000
mmaa1238	10K-100K
mada1285	<10K
mbul1263	<10K
muna1247	300000
manc1252	<10K
naba1253	300000
mund1327	10K-100K
mani1292	2000000
minb1244	10000000
mans1258	<10K
monn1252	900000
mani1235	10K-100K
many1259	200000
mwan1250	10K-100K
moco1246	<10K
mont1268	10K-100K
mong1342	200000
moha1258	<10K
mong1331	5000000
mopa1243	<10K
moro1285	10K-100K
moss1236	7000000
moli1248	<10K
mach1268	<10K
marb1239	200000
maun1240	<10K
mart1256	<10K
yoso1239	10K-100K
miga1241	<10K
dadi1250	10K-100K
mian1256	<10K
misi1243	10K-100K
mbuk1243	10K-100K
kota1275	10K-100K
mama1276	10K-100K
mbel1240	10K-100K
sout2866	<10K
moro1287	10K-100K
mang1405	900000
west2418	300000
misi1242	600000
mara1382	400000
maor1246	200000
west2392	<10K
mruu1242	10K-100K
nort2845	<10K
mari1414	200000
mang1401	<10K
mara1404	1000000
kara1489	200000
n/a	77000000
masb1238	600000
muse1242	300000
saba1263	3000000
mans1262	10K-100K
agus1235	10K-100K
mans1259	10K-100K
arua1260	<10K
cota1241	10K-100K
anyi1244	300000
muni1257	<10K
muri1260	<10K
maiw1251	<10K
mosk1236	<10K
toto1305	<10K
wich1262	<10K
muon1246	1000000
mewa1249	5000000
mund1325	200000
musg1254	200000
mund1326	10K-100K
musi1241	3000000
malv1243	5000000
murl1244	10K-100K
cree1270	<10K
west2408	400000
boun1245	10K-100K
muya1243	10K-100K
mana1295	<10K
marw1256	200000
mina1269	<10K
duri1242	100000
indu1241	200000
aree1239	<10K
mwer1248	500000
murr1258	<10K
kita1249	400000
mira1251	10K-100K
sarr1246	200000
nyam1275	200000
kala1377	<10K
munc1235	10K-100K
n/a	8000000
ment1249	10K-100K
hmon1333	2000000
tezo1238	10K-100K
many1258	1000000
mban1264	400000
maxi1236	300000
mera1242	<10K
tlah1239	10K-100K
juqu1238	10K-100K
jami1235	10K-100K
metl1238	<10K
maho1249	300000
sout3002	<10K
nucl1310	33000000
mbay1241	10K-100K
mama1271	700000
meen1242	200000
mund1330	<10K
erzy1239	400000
muyu1244	<10K
masa1299	3000000
macu1260	<10K
sant1436	<10K
wich1264	10K-100K
ixca1246	<10K
many1261	100000
nige1255	100000
maza1292	10K-100K
nucl1240	400000
maza1291	6000000
movi1243	<10K
maru1252	<10K
manz1243	200000
degg1238	10K-100K
maia1251	<10K
sout2994	<10K
nara1264	<10K
naba1256	10K-100K
naga1394	10K-100K
naka1262	10K-100K
minn1241	59000000
neap1235	6000000
nama1264	300000
naas1242	10K-100K
naur1243	<10K
nava1243	200000
narr1259	<10K
nyem1238	200000
chan1313	10K-100K
kony1248	200000
sout3270	1000000
ngba1284	200000
ngge1241	<10K
sout2784	500000
iyoo1238	<10K
yale1246	<10K
nots1237	<10K
nisg1240	<10K
cent2134	200000
nort2957	10K-100K
mich1245	<10K
sibe1248	<10K
chum1261	10K-100K
cent2133	10K-100K
ndau1241	2000000
nort2795	2000000
ndal1241	200000
ndam1239	10K-100K
ndon1254	800000
ndoo1242	10K-100K
nort2627	300000
luto1241	10K-100K
ndog1248	10K-100K
tour1242	10K-100K
negi1245	<10K
neng1238	<10K
newa1246	900000
nezp1238	<10K
dhao1237	<10K
ayiw1239	<10K
nafa1258	10K-100K
ngba1285	1000000
nort2774	200000
ngom1268	200000
ngem1255	10K-100K
ngal1292	<10K
lomw1241	2000000
ngon1269	300000
ngul1246	100000
guer1241	200000
beng1286	10K-100K
chir1286	10K-100K
east2538	400000
tete1251	<10K
zaca1241	10K-100K
isth1240	<10K
more1259	10K-100K
cent2132	10K-100K
taku1257	<10K
naro1249	10K-100K
noon1243	10K-100K
west2624	400000
isth1242	10K-100K
nort2958	10K-100K
nias1242	800000
nekk1240	<10K
nyih1240	700000
niii1240	10K-100K
ngaj1237	900000
nila1242	700000
ninz1246	10K-100K
ngan1291	<10K
nand1266	1000000
niue1239	<10K
gily1242	<10K
hema1238	100000
ngit1239	10K-100K
ning1273	<10K
noct1238	10K-100K
loth1237	200000
anga1288	100000
aona1235	300000
kuny1238	10K-100K
nyis1236	200000
nkoy1244	10K-100K
nekg1240	<10K
nkon1248	10K-100K
nuku1260	<10K
boun1243	10K-100K
ngom1271	10K-100K
nalc1240	10K-100K
dutc1256	25000000
east2409	300000
gela1263	10K-100K
nyam1271	<10K
mara1379	10K-100K
tang1336	100000
kwas1243	10K-100K
moyo1238	<10K
namb1291	10K-100K
nimo1246	<10K
nawd1238	200000
nyan1301	<10K
nand1264	900000
west2513	<10K
ngai1241	<10K
ngie1241	200000
nank1250	<10K
nami1256	<10K
wanc1238	10K-100K
ngin1244	200000
sout2795	200000
woun1238	10K-100K
nort2740	6000000
nima1243	2000000
noga1249	10K-100K
noir1238	10K-100K
numa1254	<10K
norw1258	5000000
noma1263	<10K
ewag1241	10K-100K
nyam1277	400000
phom1236	100000
nepa1254	16000000
sout2973	300000
napu1241	<10K
eden1244	200000
nara1262	10K-100K
jerr1238	10K-100K
sang1321	10K-100K
sout2723	200000
nsen1242	400000
nask1242	<10K
sumi1235	100000
neha1247	<10K
pedi1238	14000000
nali1245	<10K
tase1235	100000
sier1248	10K-100K
ngaa1240	<10K
nate1242	10K-100K
ntom1248	10K-100K
nort2959	10K-100K
delo1240	10K-100K
natu1246	<10K
yuag1237	<10K
ngum1255	<10K
nyol1238	300000
niua1240	<10K
nupe1254	1000000
nuku1258	<10K
nuer1246	900000
nung1283	1000000
nort2784	200000
mehe1243	<10K
nung1290	<10K
tlam1239	10K-100K
nami1258	<10K
nyab1255	10K-100K
sout2869	<10K
naue1237	10K-100K
ngan1302	200000
naxi1245	300000
ning1274	<10K
nyan1308	12000000
nyor1244	300000
giry1241	2000000
amas1236	10K-100K
nyan1304	200000
nyan1305	300000
nyam1276	2000000
nyan1307	3000000
nyor1246	700000
nyun1247	<10K
nyun1248	400000
nyak1260	1000000
njeb1242	100000
nzim1238	400000
zeme1240	100000
obom1235	10K-100K
occi1239	500000
ogbi1239	200000
ogba1241	200000
khan1278	200000
nort2961	10K-100K
n/a	10K-100K
seve1240	10K-100K
okan1243	<10K
okpe1250	10K-100K
okie1245	10K-100K
kiri1254	300000
okuu1243	10K-100K
orok1269	10K-100K
moch1256	600000
livv1243	10K-100K
omah1247	<10K
east2443	<10K
sout2943	10K-100K
oloo1241	10K-100K
onob1238	<10K
onoo1246	10K-100K
toho1245	10K-100K
oksa1245	<10K
orej1242	<10K
n/a	35000000
n/a	37000000
orok1267	10K-100K
ormu1247	<10K
osag1243	<10K
osin1237	300000
iron1242	600000
otda1235	10K-100K
mezq1235	10K-100K
east2556	10K-100K
tena1241	10K-100K
quer1236	10K-100K
esta1236	10K-100K
otta1242	10K-100K
elfd1234	<10K
waya1270	<10K
koon1245	10K-100K
pare1272	<10K
paum1247	<10K
pang1290	1000000
tenh1241	<10K
pamp1243	2000000
panj1256	113000000
nort2954	<10K
papi1253	300000
pala1344	10K-100K
wari1268	<10K
pawn1254	<10K
paez1247	10K-100K
pata1262	10K-100K
park1239	10K-100K
pape1239	100000
cent2145	10K-100K
pnar1238	200000
bouy1240	3000000
pica1241	700000
ruch1235	300000
pard1245	100000
pait1244	10K-100K
nige1257	30000000
penn1240	100000
plau1238	400000
kaya1315	100000
mala1494	<10K
phen1239	400000
peta1245	10K-100K
east2485	10K-100K
peer1241	10K-100K
pala1330	1000000
phal1254	10K-100K
paha1251	2000000
phut1244	900000
phua1239	300000
yine1238	<10K
piar1243	10K-100K
pitc1234	<10K
yomm1242	300000
piap1246	<10K
pero1241	10K-100K
pira1254	<10K
piji1239	400000
pint1250	<10K
pitj1243	<10K
poko1261	10K-100K
poko1263	700000
puka1242	<10K
mian1254	<10K
pila1245	<10K
kohi1248	200000
shwe1236	100000
sanm1301	10K-100K
pali1279	<10K
broo1239	10K-100K
paam1238	<10K
pamo1252	100000
piem1238	2000000
poum1235	10K-100K
papu1250	500000
west2563	10K-100K
pong1250	10K-100K
pina1252	<10K
pont1253	800000
piny1238	10K-100K
sanj1285	<10K
poqo1254	10K-100K
high1276	10K-100K
poli1260	40000000
pohn1238	10K-100K
port1283	230000000
pota1247	<10K
uppe1455	300000
pogo1243	200000
umaa1242	10K-100K
pipi1250	<10K
folo1238	<10K
sanl1248	10K-100K
para1306	10K-100K
paic1239	<10K
para1301	900000
ashe1272	<10K
cent2053	2000000
sout2671	10K-100K
sout2672	200000
kaul1240	<10K
pate1247	<10K
bamb1270	10K-100K
west2631	100000
nucl1276	13000000
punu1239	200000
pawa1255	<10K
gapa1238	<10K
paiw1248	10K-100K
pwow1235	200000
powa1246	300000
pwon1235	10K-100K
puyu1239	<10K
hual1241	10K-100K
kich1262	2000000
n/a	9000000
lamb1276	10K-100K
sout2991	3000000
nort2976	100000
sant1432	10K-100K
ayac1239	900000
ambo1252	10K-100K
caja1238	10K-100K
huam1248	10K-100K
marg1254	10K-100K
nort2980	10K-100K
sanm1289	10K-100K
huay1241	300000
huay1240	300000
chiq1249	10K-100K
pana1306	10K-100K
nort2979	200000
sout2992	900000
qash1240	2000000
areq1237	10K-100K
jauj1238	10K-100K
rade1240	200000
logo1258	600000
rabh1238	200000
ramo1244	10K-100K
n/a	18000000
cane1242	<10K
raoo1244	<10K
rapa1244	<10K
raro1241	10K-100K
samp1249	10K-100K
rawa1265	10K-100K
ruma1248	100000
reun1238	600000
reja1240	400000
rend1243	10K-100K
resh1242	10K-100K
roma1328	400000
ring1244	10K-100K
rohi1238	2000000
rian1262	10K-100K
nyat1246	600000
rajb1243	100000
rikb1245	<10K
raka1237	<10K
rakh1245	2000000
mark1256	200000
rang1265	15000000
carp1235	100000
angl1239	10K-100K
kalo1256	10K-100K
balt1257	10K-100K
balk1252	600000
sint1235	200000
calo1236	400000
doma1258	300000
tavr1235	<10K
vlax1238	500000
marm1234	1000000
ruun1238	200000
rong1268	700000
rang1267	<10K
taee1237	1000000
roma1326	10K-100K
roma1329	4000000
roma1327	24000000
roto1249	<10K
krio1252	<10K
dela1251	<10K
waim1251	10K-100K
rotu1241	<10K
rath1243	500000
ruul1235	200000
rusy1239	600000
lugu1238	700000
rovi1238	<10K
chee1238	10K-100K
rund1242	11000000
arom1237	100000
megl1237	<10K
russ1263	150000000
rutu1240	10K-100K
rwaa1238	200000
rawa1267	10K-100K
marw1260	8000000
cent2126	2000000
bugl1243	10K-100K
safa1243	<10K
sang1328	2000000
yaku1245	500000
sans1269	100000
samb1315	200000
sasa1249	2000000
sant1410	7000000
saaf1238	200000
saya1246	300000
saur1248	200000
ngam1268	1000000
sout2844	10K-100K
sali1295	<10K
safw1238	200000
boto1242	10K-100K
sang1330	10K-100K
subi1246	10K-100K
soli1239	10K-100K
dong1285	200000
sadr1248	4000000
shin1264	700000
sici1248	4000000
scot1243	2000000
nort2942	<10K
tora1261	800000
sout2640	3000000
suun1239	100000
buka1257	10K-100K
orao1237	200000
sall1238	200000
sech1246	<10K
sene1264	<10K
ceba1235	3000000
nucl1396	2000000
seri1257	<10K
seka1250	<10K
selk1253	<10K
koyr1242	400000
seco1241	<10K
sehw1238	200000
maga1263	<10K
kips1239	2000000
suri1273	400000
shug1248	10K-100K
surg1246	1000000
samo1265	400000
seba1251	2000000
surs1246	<10K
shos1248	<10K
tach1250	5000000
shat1244	10K-100K
shil1265	200000
shan1277	4000000
ship1254	10K-100K
shii1238	700000
shus1248	<10K
chad1249	2000000
tach1249	2000000
sida1246	4000000
paas1238	10K-100K
tumu1242	200000
mend1268	<10K
sinh1246	16000000
epen1239	<10K
kild1236	<10K
xibe1242	10K-100K
surj1235	1000000
siar1238	<10K
senh1238	50000
ters1235	<10K
sauk1252	<10K
saka1291	1000000
siku1242	10K-100K
sika1262	200000
sera1259	26000000
maia1254	<10K
siss1242	10K-100K
lowe1388	10K-100K
slov1269	5000000
salt1242	<10K
pang1291	10K-100K
lama1277	200000
sala1264	10K-100K
slov1268	2000000
sela1260	100000
sout2674	<10K
nort2671	10K-100K
lule1254	<10K
boli1256	10K-100K
cent2092	400000
inar1241	<10K
samo1305	500000
samo1303	<10K
skol1241	<10K
simt1238	10K-100K
sumb1241	300000
shon1251	9000000
sina1266	10K-100K
sind1272	32000000
noon1242	10K-100K
sang1331	400000
soni1259	2000000
sion1247	<10K
sian1257	10K-100K
sele1249	10K-100K
samm1244	<10K
sani1270	<10K
thai1259	10K-100K
song1305	10K-100K
soko1263	<10K
soma1255	22000000
song1303	1000000
kana1288	<10K
sout2807	14000000
sout2746	4000000
miyo1238	10K-100K
stan1288	490000000
saep1240	<10K
sele1250	<10K
sepe1240	<10K
supy1237	500000
sapo1253	<10K
samb1325	2000000
saba1262	200000
alba1267	6000000
squa1248	<10K
sora1254	400000
logu1236	500000
n/a	1000000
siri1274	<10K
isir1237	<10K
sara1340	10K-100K
sran1240	100000
camp1261	500000
serb1264	12000000
siri1273	<10K
sere1260	1000000
wara1299	200000
sirm1239	100000
sout2918	200000
suba1252	100000
siro1249	<10K
thao1240	<10K
seim1238	<10K
sooo1254	100000
swat1243	3000000
samb1321	<10K
saho1246	200000
bulo1242	10K-100K
maty1235	100000
aram1253	<10K
stel1238	10K-100K
owaa1237	<10K
ston1242	<10K
sout2976	10K-100K
sate1242	<10K
stra1244	<10K
silt1240	900000
sibe1250	10K-100K
sulk1246	<10K
west2557	100000
suen1241	<10K
shub1238	200000
suku1261	8000000
sund1252	42000000
mwag1236	200000
susu1250	1000000
sumb1240	200000
sunw1242	10K-100K
svan1243	10K-100K
vinc1243	100000
n/a	20000000
maor1244	1000000
swed1254	10000000
swab1242	800000
suii1243	300000
mala1475	500000
suau1242	<10K
suwa1241	<10K
shek1243	3000000
suba1238	100000
sang1336	200000
saar1237	<10K
uppe1400	2000000
saxw1241	200000
cent2089	100000
sylh1242	10000000
n/a	1000000
ngal1298	10K-100K
sile1253	500000
taba1259	100000
lowl1265	10K-100K
tahi1242	10K-100K
east2347	300000
tall1250	10K-100K
tami1289	78000000
nucl1696	200000
yami1254	<10K
taab1238	300000
tama1365	500000
cent2131	10K-100K
tata1255	4000000
uppe1437	<10K
tatu1247	<10K
taii1241	<10K
atay1247	10K-100K
taki1248	10K-100K
kaki1249	<10K
mand1440	<10K
nort2920	10K-100K
cala1258	10K-100K
tbol1240	10K-100K
tawa1275	10K-100K
temb1270	200000
tagb1258	10K-100K
taba1263	10K-100K
dita1238	200000
ticu1245	10K-100K
dato1239	10K-100K
sout2957	<10K
mali1285	10K-100K
wara1294	<10K
torr1261	<10K
tulu1258	2000000
thad1238	300000
panc1246	600000
tain1252	700000
west2415	300000
thul1246	10K-100K
taji1246	10K-100K
tetu1246	1000000
tand1256	1000000
teri1244	300000
tepo1239	10K-100K
hueh1236	<10K
teke1275	100000
ibal1241	200000
telu1262	81000000
timn1235	1000000
teso1249	2000000
tere1279	10K-100K
tetu1245	500000
tewa1260	<10K
tofi1235	10K-100K
teri1250	<10K
saga1262	10K-100K
tiga1245	<10K
toba1282	300000
taji1245	8000000
tand1258	10K-100K
sude1239	<10K
tang1347	<10K
cent2090	<10K
tang1355	<10K
tagw1240	100000
thai1261	70000000
thay1249	<10K
chit1274	300000
thar1283	200000
dang1260	2000000
thom1243	<10K
koch1247	300000
rana1246	1000000
tifa1245	<10K
tigr1270	1000000
timu1262	<10K
tika1246	100000
timb1251	10K-100K
tind1238	<10K
teop1238	<10K
tigr1271	9000000
tivv1240	5000000
tiwi1244	<10K
tiru1241	10K-100K
nort2732	10K-100K
tail1248	10K-100K
takw1238	4000000
toke1240	<10K
tsak1249	10K-100K
take1255	200000
kath1250	100000
uppe1275	<10K
tobe1252	10K-100K
tele1256	<10K
tlin1245	<10K
tali1258	10K-100K
tete1250	800000
kheh1237	<10K
taly1247	900000
tuma1260	10K-100K
haru1245	<10K
tuar1240	2000000
tami1290	<10K
taca1256	<10K
tani1257	<10K
maia1253	<10K
kwam1252	<10K
nort2847	<10K
whit1269	<10K
bedi1235	<10K
tont1239	200000
toba1269	10K-100K
coyu1235	200000
toma1245	200000
gizr1240	<10K
tong1321	200000
gito1238	400000
tong1318	2000000
tojo1241	10K-100K
tong1325	200000
xico1235	<10K
papa1238	10K-100K
topo1242	10K-100K
high1243	100000
tobi1238	<10K
taup1242	<10K
tokp1240	4000000
tlac1237	10K-100K
tamp1252	10K-100K
pisa1237	<10K
tlac1235	<10K
acat1239	10K-100K
tinp1237	<10K
toar1246	10K-100K
copa1237	10K-100K
trin1276	1000000
trin1274	10K-100K
tara1313	<10K
kokb1239	800000
sanm1298	10K-100K
chic1273	10K-100K
turo1239	300000
taro1264	10K-100K
torw1241	10K-100K
tswa1255	1000000
tsak1248	<10K
taus1251	1000000
tsha1245	200000
tswa1253	8000000
tson1249	13000000
tsou1248	<10K
tsis1238	200000
pure1242	10K-100K
tekt1235	<10K
taua1242	<10K
bwan1241	<10K
tuto1241	10K-100K
toor1238	500000
tera1251	100000
nort2741	15000000
musl1236	10K-100K
mutu1242	<10K
tuyu1244	<10K
cent2150	<10K
taul1251	<10K
tupu1244	200000
turk1304	11000000
tula1252	10K-100K
tumb1250	2000000
tuca1252	<10K
teda1241	10K-100K
nucl1301	82000000
turk1308	1000000
tuge1241	100000
tsuv1239	100000
sout2859	<10K
tuva1244	10K-100K
tavo1242	400000
tune1261	200000
west2559	10K-100K
twen1241	300000
taid1250	1000000
tasa1240	<10K
term1237	10K-100K
tewe1238	200000
tomb1244	10K-100K
tiii1241	10K-100K
kaya1330	<10K
tauy1241	<10K
taid1249	10K-100K
tuvi1240	300000
tayy1238	3000000
tzel1254	500000
tzut1248	10K-100K
cent2194	2000000
tzot1259	200000
tair1256	<10K
ubir1237	<10K
umbu1258	10K-100K
udih1248	<10K
udii1243	<10K
wuzl1236	10K-100K
udmu1245	300000
uduk1239	10K-100K
uigh1240	10000000
ukra1253	27000000
ukwu1241	200000
ulch1241	<10K
ulit1238	<10K
meri1244	<10K
umbu1257	7000000
mund1320	2000000
urip1239	<10K
urar1246	<10K
urub1250	<10K
urdu1245	70000000
urho1239	600000
urim1252	<10K
urak1238	<10K
urat1244	<10K
sopp1247	<10K
orya1242	<10K
usar1243	<10K
uspa1245	<10K
etul1245	10K-100K
urum1249	200000
urii1240	<10K
lote1237	<10K
kuku1280	<10K
uzbe1247	33000000
vagl1239	10K-100K
varh1239	7000000
vaii1241	300000
valm1241	<10K
vaip1239	10K-100K
huar1255	<10K
vasa1239	1000000
varl1238	400000
vene1258	4000000
velu1238	200000
vend1245	2000000
veps1250	<10K
momj1237	100000
virg1240	10K-100K
vidu1238	10K-100K
viet1252	76000000
vili1238	10K-100K
idun1242	<10K
teng1267	200000
vlaa1240	1000000
main1267	10000000
makh1260	4000000
mare1260	600000
makh1264	7000000
ayau1235	<10K
voti1245	<10K
sout2679	10K-100K
vunj1238	900000
vute1244	10K-100K
wals1238	10K-100K
waff1241	<10K
wola1242	7000000
wamp1249	<10K
wann1242	10K-100K
wapi1253	10K-100K
wara1300	3000000
kani1281	<10K
waiw1244	<10K
waya1269	<10K
wara1303	10K-100K
wakh1245	10K-100K
nucl1290	10K-100K
warl1254	<10K
wadd1237	200000
wagd1238	3000000
wanm1242	<10K
yano1262	<10K
waci1239	900000
weda1241	<10K
weme1239	300000
weri1253	10K-100K
came1254	2000000
weje1237	10K-100K
nucl1620	10K-100K
nort2921	10K-100K
waha1238	<10K
sout2797	10K-100K
wikm1247	<10K
wiru1244	10K-100K
mudu1242	<10K
waja1259	10K-100K
warj1253	10K-100K
wall1255	600000
wall1257	10K-100K
wich1263	10K-100K
wali1263	100000
waim1252	10K-100K
womp1235	<10K
walm1241	<10K
mwan1247	100000
want1252	<10K
wane1241	10K-100K
ndzw1235	300000
usan1239	<10K
weno1238	200000
nucl1347	4000000
hang1263	<10K
wara1302	<10K
wira1262	<10K
gara1269	<10K
worr1237	<10K
wari1266	<10K
merw1238	8000000
wask1241	10K-100K
wasa1244	300000
bert1248	400000
mewa1250	3000000
wuch1236	80000000
wuvu1239	<10K
waam1244	10K-100K
waxi1236	300000
wyan1247	<10K
wymy1235	<10K
kalm1243	400000
xamt1239	200000
xava1240	<10K
komb1272	<10K
kamb1299	200000
mala1480	500000
hdii1240	10K-100K
xere1240	<10K
kesa1244	<10K
xhos1239	10000000
kisa1261	200000
kamu1260	<10K
makh1262	500000
ming1252	300000
mala1481	800000
kana1286	<10K
nort2877	10K-100K
kang1280	2000000
soga1242	3000000
konk1269	900000
libe1247	800000
east2398	10K-100K
krik1239	<10K
tina1248	10K-100K
sioo1240	<10K
kase1253	200000
makh1266	200000
sher1255	200000
sanu1240	<10K
sais1237	<10K
alco1235	10K-100K
diux1235	<10K
sini1243	10K-100K
sanj1282	10K-100K
magd1235	<10K
nort2985	10K-100K
kuoo1238	10K-100K
xwel1235	10K-100K
yami1256	<10K
yagu1244	<10K
yaka1269	900000
yagn1238	10K-100K
yalu1240	100000
yamb1251	10K-100K
maya1285	<10K
yaoo1241	3000000
yape1248	<10K
yaqu1251	10K-100K
nugu1242	10K-100K
yamb1252	<10K
yang1293	10K-100K
agwa1247	10K-100K
loka1252	100000
yala1263	200000
yemb1246	300000
yawe1241	<10K
yucu1253	<10K
taro1263	300000
gepo1234	10K-100K
yaga1260	10K-100K
yagw1240	10K-100K
yidd1255	2000000
yind1247	<10K
yimc1240	10K-100K
nort2718	200000
yaka1277	100000
nort2745	<10K
yasa1242	<10K
yako1252	10K-100K
yele1255	<10K
yelo1243	<10K
angg1239	10K-100K
yill1241	<10K
iama1237	<10K
maay1238	9000000
yong1277	10K-100K
yans1239	10K-100K
yomb1244	700000
yong1280	<10K
yoru1245	50000000
yare1248	<10K
yaou1238	10K-100K
nene1249	10K-100K
nhen1239	10K-100K
sani1269	10K-100K
yess1239	<10K
yuca1254	800000
yuch1247	<10K
yuec1235	86000000
kark1258	<10K
yukp1241	<10K
yuro1248	<10K
yopn1238	<10K
yaum1237	<10K
sout2750	<10K
yura1255	<10K
nucl1454	10K-100K
wudi1238	200000
wume1235	200000
sier1250	<10K
sanj1284	10K-100K
ocot1244	10K-100K
cajo1238	<10K
yare1249	<10K
zagh1240	300000
isth1244	10K-100K
zara1247	<10K
zana1238	10K-100K
miah1235	<10K
ozol1235	<10K
zapo1437	400000
aloa1235	<10K
rinc1236	10K-100K
sant1450	<10K
taba1268	<10K
yatz1235	<10K
mitl1236	10K-100K
coat1244	<10K
ngaz1238	800000
zeeu1238	200000
nucl1379	100000
nort3180	16000000
ziaa1250	<10K
zinz1238	100000
zigu1244	400000
zimb1251	100000
nege1240	500000
mpuo1241	200000
mban1263	400000
zand1248	1000000
zouu1235	10K-100K
fran1266	10K-100K
lach1250	<10K
choa1237	10K-100K
sout3005	<10K
sanp1261	10K-100K
guev1238	<10K
sant1451	<10K
quia1235	<10K
lach1249	<10K
mixt1426	<10K
amat1238	10K-100K
zoog1238	<10K
sanv1242	<10K
yala1267	<10K
chic1274	<10K
texm1235	<10K
zapa1253	<10K
sout3004	10K-100K
xana1235	<10K
quio1241	<10K
guil1236	<10K
yate1242	<10K
zulu1248	12000000
zuni1245	<10K
youj1238	900000
zyph1238	10K-100K
zaza1246	3000000
